{
    "knots": [
        -5.0,
        -4.0,
        -3.0,
        -2.0,
        -1.0,
        0.0,
        1.0,
        2.0,
        3.0,
        4.0,
        5.0
    ],
    "polynomials": [
        {
            "coefficients": [
                1.5714285714285712,
                1.714285714285714,
                0.7714285714285714,
                0.12857142857142856
            ]
        },
        {
            "coefficients": [
                1.0,
                -8.326672684688674e-17,
                -0.9428571428571428,
                -0.4428571428571428
            ]
        },
        {
            "coefficients": [
                1.0,
                -8.326672684688674e-17,
                -0.9428571428571428,
                0.44285714285714284
            ]
        },
        {
            "coefficients": [
                1.5714285714285714,
                -1.7142857142857142,
                0.7714285714285714,
                -0.12857142857142856
            ]
        }
    ]
}